user_id,major_id
0,32
1,63
3,55
4,60
5,66
6,1
7,10
8,45
9,74
10,17
11,30
12,66
14,10
15,45
16,11
17,45
18,47
19,55
20,57
21,13
22,56
23,72
24,37
25,78
26,19
27,23
29,80
30,21
31,74
32,29
33,9
34,57
35,36
36,21
37,12
38,33
39,1
40,55
41,34
42,54
43,40
44,75
45,14
46,59
47,44
48,19
49,59
51,43
52,40
53,35
54,56
55,70
56,34
57,18
58,65
59,44
60,79
62,53
63,27
64,80
65,49
66,77
67,65
68,52
69,43
70,29
71,11
72,48
73,78
74,69
75,72
76,45
77,64
78,46
79,37
80,11
82,51
83,7
84,26
85,18
86,26
88,22
89,77
90,65
91,50
92,7
93,15
94,30
95,58
96,45
97,35
98,68
99,50
100,28
101,53
102,62
103,24
104,56
105,18
106,60
107,35
108,76
109,70
110,14
111,2
112,27
113,72
114,32
115,29
116,43
117,68
119,33
120,67
121,56
122,5
123,74
124,70
125,46
126,71
127,42
128,70
129,32
130,74
131,62
132,14
133,58
134,33
135,24
136,28
137,43
138,69
139,73
140,80
142,51
143,30
144,63
146,28
147,43
148,73
149,48
150,4
151,46
152,1
153,74
154,52
155,36
156,60
157,8
158,61
159,59
160,67
161,5
162,12
163,76
164,6
165,64
166,40
167,66
168,11
170,69
171,50
172,26
173,78
174,71
175,66
176,31
177,80
178,19
179,4
180,70
181,14
183,10
185,71
186,15
187,4
188,23
189,50
190,43
191,17
192,14
193,43
194,73
195,51
196,71
197,0
198,72
199,71
200,77
201,72
202,19
204,79
205,21
206,55
207,18
208,61
209,37
210,67
211,5
212,4
213,74
214,74
216,57
217,32
218,34
219,27
220,45
221,39
222,79
223,55
224,70
226,68
227,15
228,28
229,58
230,72
231,4
232,43
234,13
235,27
236,56
237,63
238,73
239,34
240,4
241,5
242,56
243,61
244,26
246,48
247,15
248,6
249,8
250,47
252,9
253,62
254,75
256,35
257,46
258,65
259,49
260,4
261,16
262,10
263,4
264,31
265,66
266,48
267,61
268,18
269,42
270,50
271,76
273,4
275,57
276,19
277,55
278,78
279,12
280,74
281,58
282,5
283,47
284,39
285,75
286,66
287,21
288,5
289,11
290,3
291,42
292,49
293,22
294,76
295,11
296,24
297,33
298,52
299,69
300,23
301,35
302,20
303,8
304,28
305,25
306,51
307,36
308,62
309,80
310,35
311,21
312,37
313,2
314,42
315,16
316,79
317,69
319,17
320,70
321,16
322,38
324,58
325,16
326,79
327,48
328,45
329,64
330,18
331,50
332,14
333,34
334,69
335,19
336,22
337,52
338,7
339,26
340,17
341,61
342,25
343,34
344,59
345,47
346,8
348,75
349,42
350,51
351,31
353,18
354,29
355,14
356,18
357,2
358,53
359,55
360,21
361,42
362,52
364,61
365,70
366,6
367,37
368,7
369,2
370,56
371,48
372,76
373,50
374,48
375,67
376,38
377,65
378,25
379,4
380,63
381,13
382,75
383,67
384,54
385,46
386,31
387,60
390,3
391,34
392,24
393,46
394,21
395,71
396,28
397,35
398,14
399,2
401,56
402,68
403,37
404,14
407,65
408,51
409,74
410,29
411,71
412,52
413,73
414,67
415,52
416,36
417,61
418,57
419,59
420,71
421,56
422,22
423,26
424,78
425,55
426,58
427,61
428,10
429,38
430,23
432,68
434,48
435,77
436,45
437,49
438,48
439,78
440,70
441,43
442,66
443,27
444,49
446,5
447,17
448,4
449,23
450,56
451,19
452,74
453,49
455,69
456,72
457,24
458,46
459,21
460,11
461,29
462,24
463,77
464,57
465,76
466,65
467,78
468,49
469,60
470,77
471,36
472,8
473,39
474,35
475,32
476,14
477,2
478,27
479,36
480,21
482,15
483,71
484,52
485,59
486,61
487,8
489,22
490,23
491,80
492,60
493,43
494,16
495,31
496,46
497,73
498,1
499,46
500,14
501,78
502,67
503,74
504,16
505,43
506,19
507,14
508,40
509,55
510,13
511,77
512,78
513,46
516,28
518,55
519,75
520,31
521,1
523,74
525,75
526,77
527,55
528,57
529,12
531,6
532,69
533,15
534,34
535,50
536,76
537,20
538,41
539,75
540,29
541,72
542,56
543,52
544,51
545,78
546,53
547,1
548,54
549,1
550,73
551,42
552,9
553,43
554,14
555,30
556,1
557,76
558,50
559,80
560,32
561,1
562,66
563,28
564,10
565,14
566,3
567,43
568,36
570,55
572,39
573,31
574,61
575,38
576,69
577,21
578,14
579,77
580,74
581,20
582,58
583,15
584,14
585,28
586,3
587,80
588,5
589,37
590,29
591,52
593,1
594,71
595,57
597,24
598,15
599,41
600,65
601,31
603,72
604,27
605,51
606,38
607,19
608,13
609,47
610,64
611,43
613,6
614,74
615,12
616,53
617,23
618,0
619,8
620,18
621,65
622,5
623,55
624,64
625,77
626,20
627,24
628,6
629,54
630,19
631,52
632,76
633,47
634,79
635,42
636,70
637,74
638,73
639,75
640,59
641,13
642,61
643,65
644,39
645,57
647,28
648,38
649,6
650,63
651,56
653,26
654,13
656,5
658,41
659,68
660,25
661,13
663,20
664,49
665,15
666,49
667,2
668,58
669,24
670,56
671,69
672,9
673,11
675,22
676,51
677,55
678,5
679,38
680,35
681,58
682,24
683,45
684,57
685,24
686,70
687,35
688,6
689,51
691,50
692,33
693,66
694,37
695,4
696,38
697,28
698,80
699,6
700,77
702,46
703,34
705,79
706,9
707,66
708,41
709,24
711,64
712,40
713,58
714,50
715,48
716,6
717,61
718,35
719,43
720,79
721,10
722,48
723,15
724,5
725,18
727,57
728,18
729,13
730,39
731,64
732,48
735,77
736,58
737,9
738,58
739,69
740,16
741,78
742,71
743,75
744,65
745,47
746,6
747,77
748,12
749,18
750,4
751,62
752,69
753,76
755,11
756,37
757,52
758,66
759,64
760,4
761,53
762,43
763,13
764,25
765,47
766,7
768,21
769,4
770,73
771,20
772,45
774,51
775,27
776,13
777,74
779,78
780,41
781,23
782,46
783,5
784,17
786,22
787,29
788,24
789,41
790,79
791,74
792,63
793,54
794,36
795,1
796,0
797,26
798,3
799,43
800,54
802,51
803,56
804,80
805,28
806,2
807,11
808,21
809,30
810,14
811,47
812,54
813,39
814,43
815,50
816,55
817,30
818,33
819,28
820,69
821,52
822,7
823,42
824,40
826,56
827,61
828,28
829,56
831,72
832,51
833,50
834,24
835,3
836,11
838,5
840,68
841,26
842,12
843,80
844,48
845,79
847,63
848,20
849,37
850,59
852,53
853,51
854,72
855,71
856,71
857,36
858,44
861,59
863,49
864,32
865,20
866,14
867,40
868,41
869,25
870,31
871,47
872,34
873,20
874,35
876,55
877,74
878,22
879,47
881,20
882,74
883,22
884,12
885,7
886,74
887,51
889,46
890,47
891,71
892,10
893,73
894,26
895,36
897,33
900,14
901,26
902,11
904,26
905,31
906,36
907,79
908,68
910,3
911,29
912,28
913,53
914,29
915,62
916,70
917,26
918,28
919,68
921,34
922,33
923,68
924,47
925,61
926,43
927,37
929,79
930,58
931,45
932,4
933,20
934,38
935,62
936,32
937,24
938,70
939,4
940,11
941,72
942,14
943,29
944,45
945,79
946,33
947,72
948,47
949,12
950,1
951,71
952,11
953,33
954,27
955,49
956,70
957,58
958,15
959,56
960,11
962,68
963,60
964,25
965,12
966,9
967,41
968,57
969,67
970,52
972,46
973,74
974,59
975,50
976,46
977,29
978,36
979,21
980,15
981,3
982,58
983,61
984,77
985,34
987,1
988,3
989,18
990,14
991,70
992,2
993,11
994,57
995,67
996,33
997,13
998,57
1000,2
1001,2
1003,38
1004,15
1006,65
1008,28
1009,42
1010,30
1012,35
1013,48
1014,71
1015,31
1016,16
1017,8
1018,44
1019,26
1020,17
1021,53
1022,53
1023,74
1024,0
1026,54
1027,26
1028,47
1029,58
1030,65
1031,33
1032,60
1033,78
1034,17
1035,0
1036,6
1037,71
1039,43
1040,52
1041,5
1042,23
1043,22
1044,49
1045,33
1046,24
1047,24
1048,79
1049,18
1050,61
1051,58
1052,65
1053,24
1055,63
1056,62
1057,43
1058,49
1059,45
1060,8
1062,29
1063,52
1064,35
1065,57
1066,8
1067,77
1068,9
1070,49
1071,50
1072,12
1073,74
1074,45
1075,20
1076,53
1077,46
1078,47
1079,57
1080,29
1081,33
1082,29
1083,42
1084,70
1085,40
1086,11
1087,7
1088,71
1089,3
1090,80
1091,8
1092,79
1093,53
1094,43
1095,47
1096,48
1097,58
1098,3
1100,14
1101,75
1102,49
1103,18
1104,42
1105,70
1106,1
1107,16
1108,15
1109,0
1110,49
1111,15
1112,19
1113,78
1115,28
1116,40
1117,19
1119,20
1120,30
1121,30
1122,23
1123,7
1124,47
1125,32
1127,48
1128,20
1129,43
1130,8
1131,59
1132,22
1133,72
1134,2
1135,16
1136,5
1137,15
1139,1
1140,19
1141,54
1142,63
1143,63
1144,18
1145,16
1146,14
1147,47
1148,72
1149,35
1150,66
1151,1
1153,27
1154,69
1155,76
1158,62
1159,21
1161,75
1162,74
1163,9
1164,32
1165,62
1166,65
1167,14
1168,26
1169,11
1170,39
1171,12
1172,13
1173,71
1174,31
1175,38
1176,76
1177,14
1178,59
1179,74
1181,63
1182,65
1183,26
1184,15
1186,68
1187,26
1188,35
1189,30
1190,24
1191,11
1192,56
1193,9
1194,31
1195,31
1197,43
1198,13
1199,67
1200,65
1201,8
1202,75
1203,16
1204,31
1205,6
1206,36
1207,74
1208,41
1209,64
1210,12
1211,79
1212,71
1214,72
1216,23
1217,67
1219,57
1220,9
1221,69
1222,44
1223,1
1224,56
1225,12
1227,61
1228,1
1230,43
1231,41
1232,75
1233,46
1234,53
1235,43
1236,17
1237,26
1238,65
1239,15
1240,40
1241,34
1242,6
1243,1
1244,59
1245,18
1246,35
1247,49
1248,10
1249,39
1250,68
1251,45
1252,55
1253,38
1254,37
1256,46
1257,33
1258,9
1259,8
1260,51
1261,20
1262,37
1263,23
1264,47
1265,4
1266,67
1267,48
1268,44
1269,62
1270,20
1271,58
1272,20
1275,35
1276,22
1277,62
1278,12
1279,62
1280,31
1281,17
1282,66
1283,76
1284,71
1285,0
1286,47
1287,74
1288,21
1289,39
1290,67
1291,26
1293,13
1295,35
1296,11
1298,54
1299,53
1300,36
1301,50
1302,35
1304,40
1305,24
1306,64
1307,77
1308,32
1309,9
1310,32
1311,34
1312,36
1313,41
1314,23
1315,5
1316,17
1317,5
1318,71
1319,31
1320,46
1322,50
1323,75
1324,70
1325,53
1326,15
1327,68
1328,31
1329,24
1330,29
1331,17
1332,36
1333,41
1334,41
1335,35
1336,16
1337,54
1338,36
1339,79
1340,43
1341,6
1342,24
1343,65
1345,37
1346,7
1347,55
1348,20
1349,69
1351,54
1352,11
1353,22
1354,35
1356,26
1357,79
1358,80
1360,31
1361,68
1362,61
1363,78
1364,80
1365,22
1366,18
1367,73
1368,64
1369,76
1370,75
1371,48
1372,78
1373,17
1374,4
1375,13
1376,34
1377,41
1378,30
1379,79
1380,29
1381,11
1382,27
1383,55
1384,0
1385,16
1386,25
1387,10
1388,34
1389,23
1390,53
1391,77
1392,26
1393,64
1394,79
1396,11
1397,15
1398,20
1399,66
1400,66
1401,13
1402,35
1403,27
1404,56
1405,56
1406,38
1407,18
1408,55
1410,21
1411,57
1412,46
1413,14
1415,36
1416,58
1417,3
1419,70
1420,2
1421,61
1422,48
1423,52
1424,12
1425,39
1428,71
1429,16
1430,31
1431,35
1432,60
1433,79
1436,35
1439,61
1440,34
1441,53
1443,43
1444,77
1445,7
1446,39
1447,43
1448,1
1449,76
1450,67
1451,40
1452,17
1453,18
1454,50
1455,7
1456,24
1457,69
1458,59
1459,65
1460,44
1461,33
1462,28
1463,47
1464,20
1465,18
1467,38
1468,73
1469,77
1470,29
1471,79
1472,36
1473,44
1474,24
1475,61
1476,68
1477,18
1478,39
1479,50
1480,48
1481,7
1482,65
1483,22
1484,80
1485,73
1487,74
1488,55
1489,48
1490,63
1491,47
1492,6
1493,59
1494,2
1495,27
1496,73
1497,76
1498,26
1499,53
1500,3
1501,69
1502,21
1504,19
1505,29
1506,67
1507,20
1508,46
1509,10
1510,72
1511,24
1512,3
1513,35
1514,58
1515,59
1516,32
1517,45
1518,14
1519,64
1520,4
1521,72
1522,35
1524,12
1525,71
1526,76
1527,48
1528,36
1529,6
1530,63
1531,9
1532,43
1533,44
1534,2
1535,64
1536,49
1538,5
1539,52
1540,9
1541,71
1542,40
1543,11
1544,37
1545,74
1546,33
1547,22
1548,54
1549,7
1550,68
1551,80
1552,49
1553,69
1554,64
1555,39
1556,22
1557,64
1558,10
1559,22
1560,75
1561,45
1562,61
1564,0
1565,35
1566,10
1567,3
1568,20
1569,31
1570,80
1571,49
1572,37
1574,59
1575,65
1576,18
1577,10
1578,14
1579,57
1581,44
1582,8
1583,61
1584,61
1585,65
1586,77
1587,13
1588,3
1589,41
1590,53
1591,54
1592,67
1593,5
1594,52
1595,14
1596,37
1598,46
1599,74
1600,55
1601,70
1602,64
1603,62
1604,26
1605,22
1606,41
1607,54
1608,60
1609,61
1610,24
1611,29
1612,29
1613,32
1614,22
1615,4
1616,68
1618,78
1619,16
1620,71
1621,64
1622,75
1623,17
1624,51
1625,74
1626,77
1627,52
1628,57
1629,2
1631,44
1632,49
1633,76
1634,79
1635,4
1636,17
1637,58
1638,32
1639,17
1640,53
1641,57
1642,11
1644,24
1645,42
1646,27
1648,65
1651,33
1652,76
1654,19
1655,71
1656,29
1658,59
1659,22
1660,69
1661,38
1662,21
1663,53
1664,31
1665,25
1666,28
1667,25
1668,14
1669,20
1670,63
1671,45
1672,33
1673,55
1674,6
1676,25
1677,32
1678,71
1679,34
1680,73
1682,40
1684,45
1685,5
1686,35
1687,29
1689,5
1690,70
1691,80
1692,70
1693,15
1694,11
1695,46
1696,78
1697,20
1699,67
1700,35
1701,22
1702,37
1703,71
1704,41
1705,43
1706,19
1707,77
1708,1
1709,56
1710,22
1711,38
1712,18
1713,59
1714,29
1715,2
1716,79
1717,14
1718,12
1720,78
1721,62
1722,29
1724,12
1725,74
1726,20
1727,39
1728,54
1729,71
1730,48
1731,52
1732,55
1734,14
1735,74
1736,2
1737,0
1738,78
1739,37
1740,55
1741,50
1742,70
1743,66
1744,18
1745,44
1746,49
1747,62
1748,9
1750,45
1751,7
1752,61
1754,67
1755,45
1756,37
1757,1
1758,74
1759,13
1760,36
1762,40
1763,18
1764,62
1765,26
1766,45
1767,45
1768,73
1769,26
1770,49
1771,35
1772,37
1773,48
1774,34
1775,65
1776,78
1777,69
1778,9
1779,44
1780,35
1782,2
1783,45
1784,5
1785,31
1786,25
1787,15
1788,60
1789,51
1790,74
1791,22
1792,0
1793,7
1794,75
1795,17
1796,71
1797,29
1798,34
1799,60
1800,67
1801,9
1802,17
1803,37
1804,46
1805,69
1806,32
1807,39
1808,40
1809,55
1810,69
1811,52
1812,47
1813,37
1814,16
1815,68
1816,54
1817,47
1818,51
1819,7
1820,38
1821,63
1822,41
1823,60
1824,28
1825,2
1826,2
1827,52
1828,31
1829,20
1830,48
1831,73
1832,19
1833,77
1834,38
1835,79
1836,0
1837,28
1838,49
1839,42
1841,77
1842,74
1843,38
1844,80
1845,31
1846,36
1847,48
1848,26
1849,22
1850,36
1851,17
1852,64
1853,17
1854,54
1856,74
1858,63
1859,48
1860,64
1861,21
1862,15
1863,55
1865,72
1866,52
1867,40
1869,58
1871,62
1873,26
1874,6
1875,66
1876,73
1877,65
1879,40
1880,30
1881,6
1882,70
1883,54
1884,54
1885,28
1886,11
1887,7
1888,3
1889,41
1891,53
1892,31
1893,57
1894,33
1895,21
1896,12
1897,67
1898,55
1899,19
1900,13
1901,9
1902,73
1903,28
1904,76
1905,45
1906,63
1907,53
1908,38
1909,18
1910,35
1911,62
1912,71
1914,22
1915,54
1916,47
1917,44
1918,67
1919,29
1920,56
1921,74
1922,53
1923,36
1924,59
1925,26
1926,47
1927,26
1928,11
1930,58
1931,66
1932,70
1933,40
1934,20
1935,24
1937,61
1938,79
1939,77
1940,28
1941,55
1943,57
1945,39
1946,17
1947,6
1948,11
1950,38
1951,29
1952,71
1955,57
1956,12
1958,13
1959,41
1961,28
1963,37
1965,33
1966,45
1967,72
1968,60
1969,58
1970,29
1971,1
1974,17
1975,74
1977,45
1978,48
1979,4
1980,7
1981,68
1982,59
1984,57
1985,14
1986,31
1987,28
1988,71
1989,54
1990,73
1991,2
1993,27
1994,17
1995,39
1996,80
1997,44
1998,29
1999,25
2000,11
2001,22
2002,30
2003,64
2004,26
2005,28
2006,57
2008,26
2009,13
2010,56
2011,19
2012,1
2013,19
2014,9
2015,3
2016,52
2017,58
2018,67
2019,59
2020,27
2021,51
2022,56
2023,5
2025,57
2027,18
2028,74
2029,6
2030,36
2031,43
2032,73
2033,56
2034,20
2035,29
2036,4
2037,18
2038,31
2039,73
2041,5
2042,65
2043,70
2044,77
2045,27
2046,77
2047,57
2048,7
2049,36
2050,57
2051,58
2052,78
2053,11
2054,49
2055,62
2056,13
2057,54
2058,16
2060,49
2061,49
2062,77
2063,66
2064,8
2065,46
2066,71
2067,64
2068,11
2069,70
2070,65
2071,58
2072,64
2073,74
2074,23
2076,13
2077,19
2079,67
2080,57
2081,37
2082,2
2084,7
2085,51
2086,48
2088,31
2089,78
2091,46
2092,3
2093,26
2094,67
2095,61
2096,0
2098,15
2099,46
2100,7
2101,70
2102,23
2103,42
2104,72
2105,15
2107,39
2108,28
2109,49
2110,23
2111,4
2112,52
2113,31
2115,7
2117,52
2118,52
2119,22
2120,58
2121,66
2122,12
2123,10
2124,16
2125,15
2126,25
2127,24
2128,62
2129,75
2130,48
2131,61
2132,11
2133,66
2134,5
2135,44
2136,3
2137,1
2138,13
2139,6
2140,17
2141,76
2142,65
2143,7
2144,26
2145,54
2146,24
2147,10
2148,17
2149,9
2150,38
2151,80
2152,13
2153,25
2155,76
2156,12
2158,37
2160,51
2161,72
2162,51
2163,27
2165,61
2166,17
2167,43
2168,17
2169,51
2170,39
2171,2
2172,52
2173,73
2174,27
2175,65
2176,62
2177,51
2178,44
2179,15
2181,18
2182,78
2183,9
2184,1
2185,53
2186,59
2187,58
2188,7
2189,2
2190,14
2193,37
2194,51
2195,44
2196,49
2197,23
2198,25
2199,4
2200,7
2201,24
2202,6
2203,58
2204,53
2205,65
2206,76
2207,71
2208,39
2209,32
2210,35
2211,40
2212,58
2213,72
2214,75
2215,15
2217,72
2218,59
2220,44
2221,37
2222,2
2223,10
2224,53
2225,8
2226,12
2227,60
2228,41
2229,57
2230,60
2231,2
2233,50
2234,22
2235,18
2236,45
2237,10
2238,17
2239,45
2240,58
2241,61
2242,40
2243,59
2244,78
2245,54
2246,21
2247,15
2248,64
2249,65
2251,49
2252,42
2253,43
2254,15
2255,68
2256,9
2257,22
2258,47
2259,5
2260,67
2261,20
2262,76
2263,28
2264,69
2265,15
2266,21
2267,11
2268,75
2269,18
2270,78
2271,5
2274,38
2275,22
2276,10
2277,51
2278,51
2279,44
2280,65
2281,16
2282,8
2283,45
2284,7
2285,77
2286,74
2287,52
2288,72
2289,74
2290,40
2291,55
2293,56
2294,67
2295,55
2297,44
2298,45
2299,12
2300,34
2301,28
2302,11
2303,0
2304,11
2306,34
2307,23
2308,5
2310,10
2311,20
2312,35
2313,35
2314,46
2315,44
2316,44
2317,3
2318,29
2319,75
2320,14
2321,71
2322,53
2323,33
2324,13
2325,37
2326,24
2327,58
2328,40
2329,23
2330,67
2331,43
2332,37
2334,22
2335,80
2336,16
2337,74
2338,15
2339,30
2340,79
2341,58
2342,74
2343,25
2344,70
2345,42
2346,57
2347,59
2348,8
2349,65
2350,47
2351,30
2352,40
2353,1
2354,9
2355,54
2356,35
2357,34
2358,23
2359,3
2360,65
2361,28
2362,22
2363,68
2364,17
2366,40
2367,43
2368,42
2369,51
2370,61
2371,28
2372,13
2373,52
2374,53
2375,47
2376,54
2377,12
2379,12
2380,44
2381,44
2382,70
2383,32
2384,30
2385,45
2386,59
2387,45
2388,27
2389,57
2390,64
2391,12
2392,18
2393,35
2394,61
2395,21
2396,54
2397,22
2398,74
2400,72
2402,32
2403,50
2404,28
2405,33
2406,68
2407,20
2408,56
2410,63
2411,36
2412,52
2413,80
2414,37
2415,65
2416,12
2417,16
2418,74
2419,68
2420,32
2421,65
2422,26
2423,45
2424,57
2425,3
2426,61
2427,44
2428,8
2429,63
2430,18
2431,19
2432,72
2433,76
2434,60
2435,51
2436,57
2437,31
2439,32
2440,45
2441,27
2442,24
2444,0
2445,68
2446,62
2447,11
2448,79
2449,35
2450,1
2451,31
2452,56
2453,64
2454,28
2455,20
2456,44
2457,63
2459,31
2461,72
2462,39
2463,13
2464,59
2465,21
2466,43
2467,15
2468,5
2469,41
2470,27
2471,76
2473,31
2474,70
2475,59
2476,61
2477,39
2478,50
2480,44
2482,31
2483,61
2484,40
2486,26
2488,45
2489,29
2490,37
2491,63
2492,36
2493,46
2494,50
2495,73
2497,66
2498,40
2499,27
2500,17
2501,26
2503,52
2504,35
2506,14
2507,77
2508,5
2509,76
2511,52
2512,54
2513,65
2514,80
2515,13
2516,0
2517,12
2518,55
2519,4
2521,14
2522,29
2523,43
2525,39
2526,24
2527,48
2528,43
2529,71
2530,48
2531,64
2532,80
2534,14
2535,50
2536,50
2537,58
2538,32
2539,0
2540,35
2541,0
2543,57
2544,13
2545,3
2547,41
2548,60
2549,28
2550,25
2551,25
2552,15
2553,43
2554,52
2555,47
2556,32
2557,36
2558,62
2559,77
2560,0
2561,79
2562,25
2563,52
2564,39
2565,16
2566,33
2567,20
2568,18
2569,55
2570,41
2571,34
2572,67
2573,52
2574,28
2575,28
2576,44
2577,8
2578,24
2579,36
2581,65
2583,63
2585,9
2586,80
2587,42
2588,22
2589,10
2590,72
2591,77
2592,69
2593,44
2595,38
2596,30
2597,79
2598,22
2599,37
2600,1
2601,31
2602,15
2603,62
2604,39
2605,12
2606,26
2607,41
2608,77
2609,16
2610,76
2611,15
2613,75
2614,44
2615,0
2616,11
2617,55
2618,17
2619,59
2620,31
2621,55
2622,44
2623,45
2624,48
2627,68
2628,20
2629,69
2630,41
2631,61
2632,13
2633,47
2634,0
2635,25
2636,22
2637,79
2638,37
2639,58
2640,20
2641,64
2643,17
2644,68
2646,33
2647,65
2648,26
2649,60
2650,70
2652,37
2653,33
2654,65
2655,59
2656,25
2657,11
2658,79
2659,39
2660,61
2661,35
2662,70
2664,62
2665,4
2666,15
2667,24
2669,0
2670,63
2671,61
2672,5
2674,20
2675,66
2676,9
2677,13
2678,61
2679,36
2680,31
2681,36
2682,5
2683,55
2684,13
2686,68
2687,72
2688,64
2689,23
2690,74
2691,14
2692,57
2693,44
2694,51
2695,0
2697,39
2699,30
2700,48
2701,10
2702,51
2703,21
2704,72
2705,8
2706,46
2707,52
2708,17
2709,69
2710,74
2711,49
2712,50
2713,66
2714,24
2715,45
2716,54
2717,5
2718,74
2719,1
2720,66
2721,44
2722,15
2723,30
2724,11
2725,57
2726,57
2727,65
2728,80
2729,50
2730,49
2731,44
2732,70
2733,53
2734,30
2735,28
2736,59
2737,20
2739,36
2740,61
2741,2
2742,57
2743,10
2744,75
2745,3
2746,48
2747,46
2748,36
2749,31
2750,22
2751,22
2752,75
2753,24
2754,64
2755,63
2756,57
2758,20
2759,26
2760,8
2761,55
2762,45
2763,45
2764,20
2765,3
2766,9
2767,66
2768,41
2769,71
2770,44
2772,58
2773,19
2776,46
2777,43
2778,3
2779,16
2780,69
2781,15
2782,54
2783,8
2784,21
2785,34
2786,15
2787,62
2789,35
2790,79
2791,56
2792,15
2793,26
2795,34
2796,41
2797,68
2798,6
2799,62
2800,42
2801,80
2803,48
2804,9
2805,35
2806,32
2807,72
2808,29
2809,53
2810,35
2811,72
2812,36
2813,2
2814,62
2815,37
2816,56
2817,78
2818,70
2819,77
2821,16
2822,24
2823,45
2824,50
2825,22
2826,33
2827,52
2828,9
2829,56
2830,41
2831,19
2832,75
2833,51
2834,22
2835,25
2836,49
2837,9
2838,36
2839,71
2840,2
2841,68
2842,38
2843,69
2844,44
2845,9
2846,54
2847,73
2848,15
2849,49
2850,1
2851,65
2852,74
2853,14
2854,51
2855,24
2856,71
2857,42
2858,52
2859,72
2860,60
2862,38
2863,34
2864,44
2865,57
2866,7
2867,75
2868,33
2869,56
2871,55
2872,13
2874,17
2875,66
2876,59
2877,53
2878,27
2879,9
2880,40
2882,76
2883,62
2884,9
2885,49
2886,63
2887,51
2888,63
2889,58
2890,17
2891,3
2894,49
2896,42
2897,59
2898,30
2899,11
2900,24
2901,49
2902,16
2903,0
2904,53
2905,13
2906,50
2907,34
2908,35
2909,51
2910,11
2911,0
2912,0
2914,25
2915,0
2916,8
2917,23
2918,0
2919,0
2921,51
2922,8
2923,73
2924,34
2925,21
2926,12
2927,1
2928,20
2929,73
2930,25
2931,70
2932,66
2933,37
2934,49
2935,70
2936,55
2937,18
2938,76
2939,4
2940,73
2941,73
2942,3
2943,37
2944,23
2945,21
2946,70
2947,78
2948,44
2949,71
2951,29
2952,78
2953,3
2954,37
2955,33
2956,8
2957,77
2958,27
2959,32
2960,10
2961,68
2962,20
2963,73
2964,78
2965,46
2966,80
2967,23
2968,5
2969,34
2970,24
2971,68
2972,18
2973,6
2974,8
2975,40
2976,76
2977,70
2978,2
2979,23
2980,42
2981,53
2982,18
2983,72
2984,22
2985,2
2986,9
2987,75
2989,19
2990,39
2991,78
2992,72
2993,74
2994,3
2995,30
2996,39
2997,26
2998,9
3001,14
3002,27
3003,54
3004,8
3005,14
3006,66
3007,59
3008,66
3010,47
3011,9
3012,26
3013,44
3014,79
3015,29
3016,60
3017,27
3018,30
3019,48
3020,79
3021,65
3022,74
3023,10
3025,72
3026,68
3028,39
3029,1
3030,77
3031,77
3032,70
3033,11
3034,54
3035,57
3036,46
3037,9
3038,34
3039,57
3041,50
3042,16
3043,76
3044,74
3045,3
3046,69
3047,11
3048,45
3049,1
3050,7
3051,10
3053,16
3054,14
3055,73
3056,0
3057,33
3058,28
3059,29
3060,34
3061,16
3062,26
3063,64
3064,40
3065,7
3066,64
3067,25
3068,73
3069,11
3070,15
3071,38
3072,30
3073,7
3074,33
3075,38
3076,42
3077,60
3078,21
3079,22
3082,33
3083,31
3085,36
3088,46
3089,9
3090,74
3091,43
3092,4
3094,76
3095,60
3096,39
3097,0
3098,73
3099,9
3100,31
3101,16
3102,4
3103,42
3104,70
3105,49
3107,32
3108,15
3109,20
3110,72
3111,4
3112,79
3113,74
3114,20
3116,26
3117,42
3118,66
3119,1
3120,57
3121,60
3122,10
3124,42
3125,43
3126,0
3128,73
3129,3
3130,78
3131,14
3132,31
3133,71
3134,9
3135,27
3136,43
3137,77
3138,15
3139,73
3140,64
3141,67
3142,25
3143,67
3144,41
3145,70
3146,33
3147,68
3148,35
3149,17
3150,16
3151,77
3153,56
3154,27
3155,13
3156,23
3157,51
3158,69
3159,32
3160,11
3161,8
3162,75
3163,24
3164,36
3165,76
3166,48
3167,19
3168,28
3169,45
3170,51
3171,75
3172,48
3174,46
3175,11
3176,30
3177,42
3178,41
3179,11
3180,44
3181,69
3184,69
3185,56
3186,50
3188,17
3189,58
3190,11
3191,75
3192,56
3193,36
3194,11
3195,11
3196,17
3197,70
3198,57
3199,79
3200,67
3201,69
3202,35
3203,17
3204,20
3205,21
3206,66
3208,60
3209,52
3210,64
3211,58
3212,61
3213,51
3214,67
3215,74
3216,21
3217,40
3219,43
3220,62
3221,79
3222,77
3223,2
3224,22
3225,76
3226,39
3228,24
3229,18
3230,80
3231,24
3232,18
3233,52
3234,62
3236,53
3237,68
3238,10
3239,53
3240,22
3241,57
3242,22
3243,43
3244,19
3246,49
3247,77
3248,77
3249,30
3250,72
3251,39
3252,13
3253,66
3254,74
3255,59
3256,50
3257,48
3258,80
3259,26
3260,0
3262,37
3263,19
3264,60
3265,27
3266,25
3267,21
3268,70
3270,46
3271,57
3273,3
3274,47
3275,19
3276,67
3277,59
3278,24
3280,9
3281,62
3282,62
3283,67
3284,36
3286,17
3288,47
3289,31
3290,68
3291,9
3292,51
3293,13
3294,65
3295,49
3296,80
3297,61
3298,47
3299,20
3300,45
3301,72
3303,36
3304,68
3305,74
3306,64
3307,33
3308,52
3309,37
3310,48
3311,17
3312,33
3313,53
3314,57
3315,25
3316,30
3317,37
3318,5
3319,31
3320,10
3321,66
3322,59
3323,73
3324,1
3325,5
3326,62
3327,41
3328,35
3329,5
3330,35
3332,73
3333,6
3335,56
3336,32
3337,72
3338,62
3340,15
3341,43
3342,8
3343,0
3344,37
3345,76
3346,76
3347,20
3348,20
3349,67
3350,70
3351,41
3352,1
3353,57
3354,78
3355,6
3356,58
3357,46
3358,9
3359,45
3360,10
3361,57
3362,20
3363,59
3364,27
3365,55
3366,24
3367,59
3368,42
3369,46
3370,32
3371,51
3372,36
3373,63
3374,1
3375,45
3376,48
3377,64
3378,50
3379,13
3380,66
3381,8
3382,46
3383,60
3384,73
3385,21
3387,38
3388,1
3389,34
3390,14
3391,6
3392,46
3393,48
3394,51
3395,26
3396,22
3397,77
3399,22
3400,38
3401,60
3402,63
3403,57
3405,60
3406,1
3408,33
3409,74
3410,61
3411,60
3412,3
3413,63
3414,71
3415,72
3416,43
3417,6
3418,64
3419,55
3420,62
3421,75
3422,33
3424,56
3425,57
3426,63
3427,64
3429,51
3430,66
3431,14
3432,12
3433,71
3434,69
3435,30
3436,32
3437,15
3438,19
3439,18
3441,44
3442,52
3443,47
3445,22
3446,16
3447,73
3448,36
3450,67
3451,47
3452,10
3453,0
3454,60
3455,2
3456,54
3457,8
3458,70
3460,8
3461,15
3462,14
3463,70
3464,6
3466,2
3467,57
3468,3
3470,32
3471,23
3473,18
3474,26
3475,71
3476,15
3477,51
3478,71
3479,47
3480,42
3481,20
3482,56
3483,53
3484,39
3485,12
3486,73
3487,26
3488,2
3489,4
3490,53
3491,49
3492,9
3493,29
3494,48
3495,23
3496,47
3497,57
3498,74
3499,23
3501,77
3502,57
3503,19
3504,35
3506,72
3507,12
3508,2
3509,23
3510,42
3511,53
3512,14
3513,14
3514,35
3515,17
3516,41
3517,41
3518,63
3519,28
3520,15
3522,2
3523,55
3524,30
3525,60
3526,71
3528,24
3529,24
3530,49
3531,3
3532,66
3533,29
3534,54
3535,80
3536,33
3537,70
3538,26
3540,21
3541,13
3542,3
3543,14
3545,64
3546,45
3547,34
3548,64
3549,9
3550,50
3551,0
3552,60
3553,54
3554,17
3555,46
3556,53
3557,58
3558,16
3559,6
3560,9
3561,30
3562,41
3563,21
3564,71
3565,15
3566,14
3567,52
3568,65
3569,8
3570,39
3571,11
3572,25
3573,32
3574,69
3575,23
3576,40
3577,30
3579,64
3580,63
3581,36
3582,47
3584,39
3585,53
3586,20
3588,38
3589,57
3590,1
3591,23
3592,37
3593,35
3594,61
3595,44
3596,37
3598,70
3600,74
3601,14
3602,54
3603,58
3604,25
3605,28
3606,27
3607,46
3608,32
3610,16
3611,44
3612,38
3613,5
3614,9
3615,51
3616,28
3617,73
3618,18
3619,60
3620,11
3621,0
3622,57
3623,54
3624,13
3625,27
3626,65
3627,45
3628,33
3629,16
3630,79
3631,43
3632,20
3633,50
3634,77
3635,47
3636,15
3637,29
3639,44
3640,74
3641,74
3642,60
3643,49
3644,18
3645,45
3646,65
3647,7
3648,50
3649,55
3650,25
3651,70
3652,0
3653,71
3654,43
3655,12
3656,41
3657,45
3658,67
3659,5
3661,55
3662,5
3663,28
3664,20
3665,58
3666,35
3667,21
3668,19
3669,60
3670,42
3671,12
3672,68
3673,47
3674,18
3675,55
3676,12
3677,12
3678,32
3680,37
3681,21
3682,39
3683,11
3684,49
3685,2
3686,7
3687,28
3688,29
3689,30
3690,80
3691,79
3693,59
3695,27
3696,78
3697,57
3698,10
3699,37
3700,42
3701,77
3702,4
3704,53
3705,72
3706,55
3707,5
3708,58
3709,34
3710,39
3711,10
3712,78
3713,8
3714,66
3715,40
3716,66
3717,52
3718,17
3719,0
3720,64
3721,7
3722,40
3723,70
3724,34
3725,10
3726,1
3727,15
3728,49
3729,56
3730,41
3731,18
3732,68
3733,13
3734,62
3735,12
3736,16
3737,63
3738,80
3739,8
3740,54
3741,78
3742,11
3743,12
3744,30
3745,63
3746,16
3747,76
3748,19
3749,57
3750,58
3751,13
3752,58
3753,0
3754,49
3755,54
3757,75
3758,63
3759,8
3760,12
3761,60
3762,55
3763,43
3764,2
3765,50
3767,66
3770,73
3771,60
3772,1
3773,78
3774,0
3775,52
3776,42
3777,48
3779,1
3780,75
3781,20
3782,51
3783,25
3784,37
3785,37
3786,62
3787,44
3788,50
3789,11
3790,33
3791,64
3792,14
3793,32
3794,26
3795,17
3796,56
3797,74
3798,27
3799,7
3800,62
3801,7
3802,37
3803,67
3804,44
3805,26
3806,5
3807,79
3808,10
3809,55
3810,38
3811,29
3812,46
3813,32
3814,61
3815,74
3816,69
3817,18
3818,11
3819,26
3820,18
3821,4
3822,76
3823,69
3824,28
3825,46
3826,55
3827,60
3828,29
3829,16
3830,30
3831,1
3832,39
3833,51
3834,60
3835,8
3836,7
3837,55
3838,35
3839,34
3840,65
3841,21
3843,23
3844,29
3845,45
3846,44
3847,43
3848,69
3849,29
3850,55
3851,79
3852,27
3853,80
3854,25
3855,80
3856,79
3857,19
3858,60
3859,13
3860,26
3861,43
3862,75
3863,56
3864,14
3865,2
3866,5
3867,53
3868,29
3869,51
3870,52
3871,53
3873,75
3874,68
3875,67
3876,24
3877,33
3878,30
3879,16
3880,13
3881,54
3882,52
3883,31
3884,51
3885,31
3886,15
3887,52
3888,71
3889,27
3891,30
3892,66
3893,78
3895,31
3896,30
3897,39
3898,73
3899,22
3900,47
3901,39
3902,48
3903,40
3904,55
3905,71
3906,57
3907,37
3908,47
3909,18
3910,2
3911,48
3912,0
3913,2
3914,33
3915,68
3916,8
3917,65
3918,21
3919,37
3920,40
3921,0
3922,6
3923,57
3925,29
3926,23
3927,2
3928,55
3929,37
3930,29
3931,23
3932,60
3933,18
3934,10
3935,60
3936,51
3937,69
3938,80
3939,49
3940,68
3941,28
3942,15
3943,18
3944,51
3945,14
3946,37
3947,43
3948,16
3949,42
3950,21
3951,48
3952,68
3953,65
3954,27
3955,14
3956,74
3957,20
3958,78
3959,29
3960,48
3961,4
3962,10
3963,66
3964,57
3965,20
3966,44
3968,34
3969,52
3970,49
3971,73
3972,22
3973,23
3974,65
3975,28
3976,12
3977,17
3978,49
3979,34
3980,9
3981,62
3982,1
3983,26
3985,21
3986,79
3987,25
3988,24
3989,41
3990,36
3991,11
3992,5
3993,24
3994,64
3995,54
3996,6
3997,21
3998,48
3999,50
4000,37
4001,31
4002,28
4003,50
4004,45
4005,52
4006,76
4007,80
4008,30
4009,3
4010,65
4011,15
4012,67
4013,47
4014,13
4015,24
4016,42
4018,48
4019,28
4020,14
4021,69
4022,17
4023,37
4024,58
4025,48
4026,34
4028,38
4029,30
4030,25
4031,6
4033,80
4034,1
4035,21
4036,2
4037,19
4038,74
4039,7
4040,31
4043,69
4044,70
4045,62
4046,61
4047,51
4049,47
4050,50
4051,21
4052,19
4053,62
4054,22
4055,53
4057,10
4058,76
4059,31
4060,31
4061,6
4062,34
4063,4
4064,71
4065,11
4066,27
4067,15
4068,35
4069,54
4070,76
4071,12
4073,64
4074,72
4075,64
4076,72
4078,41
4079,41
4080,29
4081,55
4082,40
4083,55
4084,10
4085,76
4086,56
4087,0
4088,21
4089,11
4090,37
4091,15
4092,29
4093,0
4094,76
4095,17
4096,0
4097,67
4098,50
4099,75
4100,75
4101,41
4102,25
4103,15
4104,47
4105,70
4106,2
4108,3
4109,12
4111,19
4112,75
4113,15
4114,23
4115,13
4116,37
4117,38
4118,36
4119,1
4120,66
4121,54
4123,76
4124,61
4125,17
4126,40
4127,9
4128,61
4129,34
4130,17
4131,37
4132,45
4133,76
4134,35
4135,10
4137,69
4138,55
4139,78
4140,51
4141,56
4142,19
4143,76
4144,57
4145,31
4146,28
4147,55
4148,47
4149,36
4150,26
4151,78
4152,10
4153,24
4155,10
4156,9
4157,7
4158,56
4159,5
4160,38
4161,70
4162,33
4163,44
4164,28
4165,79
4167,1
4168,30
4169,71
4170,71
4171,17
4172,39
4173,42
4174,26
4175,46
4176,41
4177,61
4178,19
4179,27
4180,49
4181,28
4182,4
4183,24
4184,62
4186,4
4187,10
4188,16
4189,9
4191,29
4192,38
4193,80
4194,55
4196,75
4197,30
4198,1
4201,79
4202,28
4203,20
4204,58
4205,21
4206,18
4207,59
4208,58
4209,54
4211,19
4212,11
4213,3
4214,80
4215,73
4216,77
4217,1
4218,30
4220,36
4221,50
4222,65
4223,32
4224,42
4225,53
4226,54
4227,42
4228,22
4229,69
4230,67
4231,71
4232,6
4233,30
4234,75
4235,53
4236,80
4237,20
4239,63
4240,53
4241,71
4242,54
4243,75
4244,67
4245,17
4246,38
4247,7
4248,76
4249,22
4250,33
4252,79
4253,63
4254,7
4255,21
4256,25
4257,35
4258,79
4259,43
4260,50
4261,42
4262,21
4263,24
4264,45
4265,23
4266,50
4267,70
4268,56
4269,20
4270,16
4271,2
4272,10
4273,1
4274,72
4275,54
4276,15
4277,70
4278,3
4279,16
4281,58
4282,23
4284,12
4286,24
4287,46
4288,67
4289,21
4290,17
4291,34
4292,2
4293,30
4294,61
4295,14
4296,56
4297,24
4298,10
4299,7
4300,36
4301,74
4302,57
4303,52
4304,62
4305,42
4306,59
4307,55
4308,24
4309,36
4311,36
4312,6
4313,17
4314,45
4315,66
4316,6
4317,9
4318,60
4319,67
4321,66
4322,10
4323,21
4324,32
4326,26
4327,55
4328,37
4330,5
4331,57
4332,8
4333,2
4334,27
4337,17
4338,41
4340,62
4343,64
4344,80
4345,59
4346,4
4347,15
4348,0
4349,19
4350,20
4351,53
4352,4
4353,43
4354,45
4355,30
4356,27
4357,22
4359,30
4361,65
4362,23
4363,39
4364,59
4365,42
4367,18
4368,65
4369,30
4370,72
4371,69
4372,55
4373,11
4374,27
4375,79
4376,41
4377,28
4378,3
4380,33
4381,9
4382,16
4383,77
4384,52
4385,13
4386,26
4387,13
4389,58
4390,22
4391,30
4392,2
4393,36
4394,49
4395,71
4396,43
4398,79
4399,24
4400,37
4401,79
4402,30
4404,55
4405,59
4406,78
4407,60
4408,12
4409,5
4410,67
4411,49
4413,18
4414,56
4415,65
4416,54
4417,3
4418,80
4419,7
4420,59
4421,34
4422,73
4423,26
4424,49
4425,27
4426,24
4427,56
4428,6
4430,7
4431,33
4432,44
4433,71
4434,11
4435,0
4436,22
4437,77
4438,6
4439,33
4440,52
4441,35
4442,13
4445,12
4446,5
4447,23
4448,53
4449,5
4450,69
4451,28
4452,68
4453,65
4454,29
4455,56
4456,23
4457,33
4458,21
4459,62
4460,38
4461,65
4462,14
4463,16
4464,6
4465,79
4466,17
4467,0
4468,39
4469,5
4470,12
4471,24
4472,74
4473,21
4474,21
4475,20
4476,73
4477,34
4478,56
4479,40
4480,79
4481,55
4482,53
4483,48
4484,15
4485,28
4486,17
4487,80
4488,47
4489,8
4490,62
4491,71
4492,33
4493,17
4494,39
4496,74
4497,37
4498,17
4499,25
4500,22
4501,41
4503,25
4504,19
4505,5
4506,7
4507,21
4508,2
4509,4
4510,35
4512,71
4513,19
4514,31
4515,79
4516,37
4517,10
4518,43
4519,51
4520,6
4521,20
4522,24
4523,73
4524,31
4525,70
4526,47
4527,74
4528,6
4529,35
4530,37
4531,61
4533,42
4534,5
4535,68
4536,52
4537,72
4539,54
4540,59
4541,8
4542,67
4543,25
4544,34
4545,78
4546,77
4547,20
4548,1
4549,6
4550,50
4551,6
4555,6
4557,21
4558,5
4559,53
4560,2
4561,76
4562,2
4563,5
4564,39
4565,43
4566,12
4567,34
4568,32
4569,26
4570,52
4572,15
4573,13
4574,57
4575,8
4576,10
4577,60
4579,16
4580,69
4581,49
4583,31
4584,13
4585,43
4586,17
4587,35
4588,35
4589,26
4590,53
4591,12
4592,5
4593,15
4594,3
4595,39
4597,37
4598,57
4599,79
4600,19
4601,20
4602,45
4603,40
4604,5
4605,56
4606,47
4607,76
4608,65
4609,19
4610,63
4611,11
4612,44
4613,49
4615,7
4616,47
4617,43
4618,69
4619,45
4620,32
4621,0
4622,27
4624,63
4625,51
4626,3
4627,6
4629,28
4630,68
4631,40
4633,34
4634,25
4635,24
4636,54
4637,2
4639,1
4641,65
4642,5
4644,49
4645,28
4646,10
4647,51
4650,11
4651,75
4652,30
4654,49
4655,16
4656,69
4657,37
4658,76
4659,68
4660,2
4661,80
4663,17
4664,2
4667,66
4668,75
4669,37
4670,28
4671,31
4673,23
4674,51
4675,43
4676,14
4678,73
4679,23
4682,28
4683,11
4684,61
4685,26
4687,42
4688,70
4689,79
4690,27
4692,61
4693,60
4694,64
4695,45
4696,65
4697,18
4698,13
4700,65
4701,63
4703,48
4704,54
4705,29
4706,31
4707,8
4708,75
4709,63
4710,77
4711,44
4712,17
4713,63
4714,41
4715,30
4716,32
4717,14
4718,1
4720,68
4721,17
4722,40
4723,60
4724,75
4725,60
4726,48
4727,62
4728,40
4729,11
4730,79
4731,21
4732,59
4734,7
4735,16
4737,37
4738,64
4739,41
4740,5
4742,77
4743,40
4745,43
4746,9
4747,5
4748,48
4749,13
4750,48
4751,54
4752,51
4753,35
4754,1
4755,70
4756,80
4757,71
4758,72
4759,56
4760,39
4761,57
4762,20
4763,36
4764,80
4765,3
4766,74
4767,22
4768,27
4769,79
4770,6
4771,4
4772,11
4773,69
4774,70
4775,7
4776,80
4777,78
4778,25
4779,0
4780,72
4781,41
4782,47
4783,44
4784,52
4785,67
4786,20
4788,58
4789,66
4791,73
4792,6
4793,6
4794,7
4795,18
4797,7
4798,33
4799,78
4800,36
4801,3
4802,49
4804,1
4805,45
4806,30
4807,74
4809,16
4810,78
4811,67
4812,5
4813,41
4815,65
4816,41
4818,44
4819,57
4820,4
4821,14
4823,72
4824,72
4825,80
4827,45
4828,18
4830,22
4831,30
4832,8
4834,56
4835,70
4836,30
4837,21
4838,18
4839,31
4841,51
4842,64
4843,57
4844,58
4846,42
4847,33
4848,34
4849,25
4850,41
4851,77
4852,80
4853,20
4854,33
4857,50
4858,70
4859,49
4860,72
4862,10
4863,57
4864,5
4865,57
4866,77
4868,48
4869,68
4870,31
4871,73
4872,73
4874,4
4875,61
4876,21
4878,22
4879,32
4880,3
4881,44
4882,62
4883,59
4885,52
4886,27
4887,13
4888,7
4890,62
4891,50
4892,70
4893,77
4894,79
4895,19
4896,52
4897,70
4898,58
4899,65
4900,66
4901,2
4902,64
4903,32
4904,47
4905,24
4906,42
4907,6
4908,9
4909,33
4910,6
4911,50
4912,76
4913,37
4914,14
4915,53
4917,56
4918,8
4919,28
4920,73
4922,34
4923,31
4924,46
4925,35
4926,26
4927,7
4928,63
4929,40
4930,46
4931,31
4932,80
4933,6
4934,59
4935,41
4936,3
4937,36
4938,45
4939,28
4940,13
4941,54
4943,42
4944,80
4945,10
4947,11
4948,48
4949,79
4950,44
4951,36
4952,61
4953,53
4954,54
4955,76
4956,69
4957,38
4958,28
4959,4
4960,31
4962,63
4963,13
4964,45
4965,37
4966,28
4967,59
4968,67
4970,77
4971,46
4972,18
4973,20
4974,46
4975,0
4976,2
4977,79
4978,62
4979,69
4980,29
4982,25
4983,63
4984,0
4985,27
4986,26
4987,55
4989,63
4991,35
4992,59
4993,58
4994,67
4995,36
4996,55
4997,67
4998,37
4999,10
